,community,clean,smell,noise,town,district,longitude,latitude,score,coordinates,mobike_count,service_count,leisure_count,culture_count,classe,real_estate
3,万豪居委会,3,1,1,长征镇,普陀区,121.367237458941,31.2407251034807,0.9166666666666665,POINT (121.367237458941 31.2407251034807),0.10498785160021995,-0.4359637181817054,-0.6107761704501824,-1.0196066547594451,very happy,0.5743622923720929
5,三泉路一零一五弄居委会,3,1,1,彭浦新村街道,静安区,121.43631336367,31.3199436665669,0.9166666666666665,POINT (121.43631336367 31.3199436665669),0.07383050374150972,-0.6596430702013605,0.46706413034425726,-0.23756392390198353,very happy,-0.5112157786574012
6,三泉路七七零弄居委会,3,1,1,彭浦新村街道,静安区,121.436859112757,31.3170628592636,0.9166666666666665,POINT (121.436859112757 31.3170628592636),0.07729243128136645,-0.547803394191533,0.16766404679024619,-0.23756392390198353,very happy,-0.43425805609658935
7,三湘居委会,3,1,1,五角场街道,杨浦区,121.485432275279,31.3020103279143,0.9166666666666665,POINT (121.485432275279 31.3020103279143),1.6905506648545836,-0.21228436616205018,-0.5508961537393803,0.15345744152674717,very happy,-0.014404952265233676
8,三湘盛世花苑居委会,2,1,1,张庙街道,宝山区,121.447584620833,31.3274228855577,0.8333333333333333,POINT (121.447584620833 31.3274228855577),0.9964341931133174,-0.10044469015222258,0.22754406350104836,0.5444788069554779,happy,-0.506024572566587
9,上南五村居委会,3,1,1,周家渡街道,浦东新区,121.495845054905,31.1819830763579,0.9166666666666665,POINT (121.495845054905 31.1819830763579),-0.9924431785343505,-0.6596430702013605,-0.5508961537393803,-1.0196066547594451,very happy,-1.9090576586281656
10,上炼新村二居委会,3,1,1,高桥镇,浦东新区,121.566878362846,31.3390515476908,0.9166666666666665,POINT (121.566878362846 31.3390515476908),-1.2936308745018825,-0.9951620982308435,-0.7305362038717867,-0.23756392390198353,very happy,-0.18987533525300496
12,东南居委会,2,1,1,潍坊新村街道,浦东新区,121.511941125382,31.2272922646263,0.8333333333333333,POINT (121.511941125382 31.2272922646263),-1.0062908886937771,0.3469140138870878,0.10778403007944398,-0.6285852893307142,happy,0.06745051280243669
15,东城新村第六居委会,2,1,1,花木街道,浦东新区,121.528614912248,31.2012361296437,0.8333333333333333,POINT (121.528614912248 31.2012361296437),-1.0668746206412691,-0.7714827462111882,-0.7305362038717867,-0.6285852893307142,happy,-1.3270378990713265
16,东城新村第四居委会,3,1,1,花木街道,浦东新区,121.532967564401,31.2062656736219,0.9166666666666665,POINT (121.532967564401 31.2062656736219),-0.9491690842861418,-0.7714827462111882,-0.6706561871609847,-0.6285852893307142,very happy,-1.3270378990713265
17,东大名居委会,2,1,1,提篮桥街道,虹口区,121.506737160591,31.2517421240997,0.8333333333333333,POINT (121.506737160591 31.2517421240997),-0.02656539491433423,-0.4359637181817054,-0.6107761704501824,0.15345744152674717,happy,0.04386342032925067
18,东方居委会,2,1,1,塘桥街道,浦东新区,121.517032051687,31.2068942062027,0.8333333333333333,POINT (121.517032051687 31.2068942062027),-1.094570040960123,-0.9951620982308435,-0.4910161370285781,0.15345744152674717,happy,-1.3270378990713265
20,东波苑第四居委会,3,1,1,沪东新村街道,浦东新区,121.57776434235,31.2876519598701,0.9166666666666665,POINT (121.57776434235 31.2876519598701),-1.236509070094247,-0.6596430702013605,-0.4910161370285781,-1.0196066547594451,very happy,0.5317410895377019
21,东白林寺居委会,2,1,0,定海路街道,杨浦区,121.543402583362,31.2765613810029,0.5,POINT (121.543402583362 31.2765613810029),0.7644850479429192,0.45875368989691534,-0.790416220582589,-1.0196066547594451,very unhappy,0.03189447769321146
22,东陆路一居委会,3,1,1,浦兴路街道,浦东新区,121.592416481135,31.2730692730285,0.9166666666666665,POINT (121.592416481135 31.2730692730285),-1.0737984757209829,-0.7714827462111882,-0.4910161370285781,-0.23756392390198353,very happy,0.45305309348332384
23,中凯居委会,3,1,1,南京西路街道,静安区,121.46132993273,31.2272511656088,0.9166666666666665,POINT (121.46132993273 31.2272511656088),0.4563734968956739,1.5771504499951916,1.36526438100629,0.5444788069554779,very happy,0.8132659629200701
24,中凯居委会,3,1,1,南京西路街道,静安区,121.46132993273,31.2272511656088,0.9166666666666665,POINT (121.46132993273 31.2272511656088),0.4563734968956739,1.5771504499951916,1.36526438100629,0.5444788069554779,very happy,0.8132659629200701
25,中原路九十九弄居委会,2,1,0,五角场镇,杨浦区,121.52689846799,31.3157262229868,0.5,POINT (121.52689846799 31.3157262229868),2.6477736296249583,-0.4359637181817054,-0.6706561871609847,0.5444788069554779,very unhappy,0.005628438980531203
26,中山东一路居委会,4,1,1,外滩街道,黄浦区,121.485321703633,31.2356838584233,1.0,POINT (121.485321703633 31.2356838584233),0.8614190190589065,1.3534710979755362,3.580824999305972,1.71754290324167,very happy,0.8305966257553393
28,中环家园社区居委会,3,1,0,万里街道,普陀区,121.408071457032,31.2680848750169,0.5833333333333333,POINT (121.408071457032 31.2680848750169),0.6121602361892249,-0.7714827462111882,-0.25149607018536924,-0.23756392390198353,very unhappy,0.10654029531727659
29,中远两湾城第三居委会,3,1,0,宜川路街道,普陀区,121.432523701507,31.2523889533875,0.5833333333333333,POINT (121.432523701507 31.2523889533875),0.7939114320317011,0.7942727179263982,-0.25149607018536924,0.5444788069554779,very unhappy,0.46676453286145114
31,临汾路一二四四弄居委会,3,1,1,彭浦新村街道,静安区,121.4383433044,31.3140192557841,0.9166666666666665,POINT (121.4383433044 31.3140192557841),0.36290145331954327,-0.547803394191533,0.28742408021185056,-0.23756392390198353,very happy,-0.4207692325831125
32,丽二居委会,3,1,1,打浦桥街道,黄浦区,121.474220823931,31.2091499172349,0.9166666666666665,POINT (121.474220823931 31.2091499172349),1.3028147803906343,0.9061123939362258,0.16766404679024619,1.3265215378129394,very happy,1.2129841621156603
34,九茂居委会,2,1,0,长寿路街道,普陀区,121.436921996053,31.2423449443637,0.5,POINT (121.436921996053 31.2423449443637),0.6710130043667886,1.8008298020148465,0.3473040969226528,0.5444788069554779,very unhappy,0.5369293952268236
35,云南居委会,3,1,1,外滩街道,黄浦区,121.477493438871,31.2287098614709,0.9166666666666665,POINT (121.477493438871 31.2287098614709),1.1885711715753635,2.807386886103295,4.538905266678807,1.3265215378129394,very happy,0.8507355239880257
36,交大新村居委会,3,1,1,徐家汇街道,徐汇区,121.422759228755,31.193064227632,0.9166666666666665,POINT (121.422759228755 31.193064227632),0.04613508342265622,1.5771504499951916,1.305384364295488,2.1085642686704005,very happy,1.163368467826818
37,交通公园居委会,3,1,1,芷江西路街道,静安区,121.463362397856,31.2500182289581,0.9166666666666665,POINT (121.463362397856 31.2500182289581),0.5758099970207297,0.12323466186743257,-0.011976003342160441,-0.23756392390198353,very happy,0.4886121945714001
38,交通社区居委会,3,1,0,堡镇,崇明区,121.615000395751,31.5434368736129,0.5833333333333333,POINT (121.615000395751 31.5434368736129),-1.326519186130521,-0.6596430702013605,-0.6706561871609847,-0.23756392390198353,very unhappy,-0.9939356435893337
41,众乐里居委会,2,1,1,江宁路街道,静安区,121.446789616547,31.2347919953543,0.8333333333333333,POINT (121.446789616547 31.2347919953543),0.8319926349701247,2.360028182063985,0.9461042640306747,1.3265215378129394,happy,0.620196609469009
42,伟业居委会,3,1,1,沪东新村街道,浦东新区,121.57911954603,31.2845291378095,0.9166666666666665,POINT (121.57911954603 31.2845291378095),-1.2174684686250352,-0.6596430702013605,-0.7305362038717867,-1.0196066547594451,very happy,-0.1658067543563494
43,佳木斯路三一五弄居委会,1,1,1,五角场镇,杨浦区,121.534568863062,31.297852523775,0.75,POINT (121.534568863062 31.297852523775),1.3772462224975532,-0.6596430702013605,-0.37125610360697364,-0.23756392390198353,very unhappy,-0.09427339776011885
44,侯黄桥社区居委会,3,1,0,嘉定镇街道,嘉定区,121.231667486165,31.3743961388707,0.5833333333333333,POINT (121.231667486165 31.3743961388707),-1.3161334035109509,-0.9951620982308435,-0.6706561871609847,-1.0196066547594451,very unhappy,-2.893088803596711
45,元丰花园居委会,3,1,1,北新泾街道,长宁区,121.374800250131,31.2195953377546,0.9166666666666665,POINT (121.374800250131 31.2195953377546),-0.7535701782842389,-0.4359637181817054,-0.4910161370285781,-0.23756392390198353,very happy,0.8597665909094072
47,兆庆居委会,2,1,1,提篮桥街道,虹口区,121.498237282124,31.2568522599239,0.8333333333333333,POINT (121.498237282124 31.2568522599239),0.6052363811095115,0.3469140138870878,-0.07185602005296265,-0.23756392390198353,happy,0.2610693217164765
49,光明社区居委会,2,1,0,堡镇,崇明区,121.610751852715,31.5345688297877,0.5,POINT (121.610751852715 31.5345688297877),-1.326519186130521,-0.9951620982308435,-0.7305362038717867,-0.23756392390198353,very unhappy,-0.9939356435893337
50,共富新村第五居委会,3,1,1,顾村镇,宝山区,121.423363615438,31.3473855974673,0.9166666666666665,POINT (121.423363615438 31.3473855974673),-1.125727388818833,-0.9951620982308435,-0.5508961537393803,-1.0196066547594451,very happy,-0.6227634024125596
51,共康八村一居委会,2,1,1,庙行镇,宝山区,121.428870038421,31.3261098187132,0.8333333333333333,POINT (121.428870038421 31.3261098187132),-0.6670219897878218,-1.107001774240671,-0.37125610360697364,-1.0196066547594451,happy,-0.5506695664531746
52,共康六村一居委会,3,1,1,庙行镇,宝山区,121.436393796336,31.329580726969,0.9166666666666665,POINT (121.436393796336 31.329580726969),0.16037869223792697,-0.6596430702013605,0.28742408021185056,-1.0196066547594451,very happy,-0.5493175074933281
53,共康四村第二居委会,3,1,1,彭浦新村街道,静安区,121.429496286724,31.3192593175634,0.9166666666666665,POINT (121.429496286724 31.3192593175634),-0.8331945117009428,-0.9951620982308435,-0.37125610360697364,-0.6285852893307142,very happy,-0.5239489399776153
54,凉城新村第一居委会,3,1,1,凉城新村街道,虹口区,121.471474570495,31.2925805324656,0.9166666666666665,POINT (121.471474570495 31.2925805324656),0.844109381359623,-0.21228436616205018,-0.25149607018536924,-0.23756392390198353,very happy,0.0038855866815763395
55,凉城新村第四居委会,3,1,1,凉城新村街道,虹口区,121.470228327775,31.2982741781108,0.9166666666666665,POINT (121.470228327775 31.2982741781108),0.7160180623849257,-0.8833224222210158,-0.25149607018536924,-0.23756392390198353,very happy,-0.017052225057482263
59,凌河路四居委会,3,1,1,浦兴路街道,浦东新区,121.589557094784,31.2786895591758,0.9166666666666665,POINT (121.589557094784 31.2786895591758),-1.1136106424293346,-0.7714827462111882,-0.6706561871609847,0.15345744152674717,very happy,0.45305309348332384
63,北翟路居委会,2,1,1,北新泾街道,长宁区,121.360085186682,31.2251334726316,0.8333333333333333,POINT (121.360085186682 31.2251334726316),-0.03522021376397598,-0.21228436616205018,-0.25149607018536924,-0.6285852893307142,happy,0.6687234875255224
66,华富居委会,2,1,1,漕河泾街道,徐汇区,121.438849971648,31.1753949722002,0.8333333333333333,POINT (121.438849971648 31.1753949722002),0.3473227793901882,0.011394985857605004,-0.4910161370285781,-0.23756392390198353,happy,1.3892795968259137
68,华松居委会,3,1,1,新泾镇,长宁区,121.353284827233,31.2124451384324,0.9166666666666665,POINT (121.353284827233 31.2124451384324),-0.36929622136014645,-0.4359637181817054,-0.4910161370285781,-0.6285852893307142,very happy,1.16948545010932
70,华浜居委会,2,1,1,淞南镇,宝山区,121.492534273637,31.3506431505609,0.8333333333333333,POINT (121.492534273637 31.3506431505609),-0.6912554825668185,-0.6596430702013605,-0.7305362038717867,-1.0196066547594451,happy,-0.5032396900424759
71,华阳路三居委会,2,1,1,华阳路街道,长宁区,121.419661886287,31.2246765396906,0.8333333333333333,POINT (121.419661886287 31.2246765396906),0.23481013434484577,0.45875368989691534,1.0658642974522792,3.281628364956593,happy,0.9403898391627579
72,华阳路二居委会,2,0,1,华阳路街道,长宁区,121.418177060622,31.2282570780017,0.5,POINT (121.418177060622 31.2282570780017),0.10844977914007661,-0.21228436616205018,0.8263442306090703,4.063671095814055,very unhappy,0.7324329927817884
73,华阴路居委会,2,1,0,宜川路街道,普陀区,121.440627226265,31.263440063708,0.5,POINT (121.440627226265 31.263440063708),0.6225460188087949,0.011394985857605004,0.28742408021185056,-0.23756392390198353,very unhappy,0.20452640405482278
74,南丹居委会,3,1,1,徐家汇街道,徐汇区,121.425687062508,31.1936445124842,0.9166666666666665,POINT (121.425687062508 31.1936445124842),0.2001908589462789,1.3534710979755362,2.8023847820655434,2.4995856340991316,very happy,1.163368467826818
75,南塘居委会,3,1,1,打浦桥街道,黄浦区,121.46764930597,31.205779277092,0.9166666666666665,POINT (121.46764930597 31.205779277092),1.3028147803906343,0.570593365906743,-0.13173603676376483,2.1085642686704005,very happy,1.3183662353960293
76,南天潼居委会,3,1,1,四川北路街道,虹口区,121.479316272927,31.2463397886504,0.9166666666666665,POINT (121.479316272927 31.2463397886504),0.5602313230913746,1.4653107739853637,4.658665300100411,2.1085642686704005,very happy,0.4750399665000339
82,叶家宅居委会,2,1,1,长寿路街道,普陀区,121.424506258057,31.2378461613712,0.8333333333333333,POINT (121.424506258057 31.2378461613712),0.47541409836488574,0.570593365906743,0.16766404679024619,1.3265215378129394,happy,0.6290879475461397
83,合一居委会,2,1,1,淮海中路街道,黄浦区,121.475255543408,31.2173917271465,0.8333333333333333,POINT (121.475255543408 31.2173917271465),0.9739316641042489,1.0179520699460534,1.604784447849499,0.15345744152674717,happy,0.9888987337312002
86,合阳居委会,2,1,0,甘泉路街道,普陀区,121.43522442047,31.2656438955493,0.5,POINT (121.43522442047 31.2656438955493),0.49272373606416914,-0.10044469015222258,-0.13173603676376483,-0.6285852893307142,very unhappy,0.15965515884952788
87,吉浦一居委会,2,1,0,五角场街道,杨浦区,121.487057065131,31.3085812631148,0.5,POINT (121.487057065131 31.3085812631148),1.9294236651046954,-0.21228436616205018,-0.5508961537393803,-0.6285852893307142,very unhappy,-0.046680922241601384
88,吉浦居委会,3,1,1,五角场街道,杨浦区,121.486435044541,31.3114725646072,0.9166666666666665,POINT (121.486435044541 31.3114725646072),2.3777432815161363,-0.547803394191533,-0.6706561871609847,-0.6285852893307142,very happy,-0.05299463463389372
89,吉祥居委会,2,1,1,四川北路街道,虹口区,121.483866444081,31.2681006608169,0.8333333333333333,POINT (121.483866444081 31.2681006608169),1.507068505242179,2.471867858073812,0.22754406350104836,0.5444788069554779,happy,0.3817010939237733
90,吉祥居委会,2,1,1,平凉路街道,杨浦区,121.515043531933,31.2585312159429,0.8333333333333333,POINT (121.515043531933 31.2585312159429),0.48060698967467075,0.011394985857605004,-0.5508961537393803,0.5444788069554779,happy,-0.008863847679456704
92,呼玛五村居委会,2,1,1,张庙街道,宝山区,121.43586644468,31.3453607460016,0.8333333333333333,POINT (121.43586644468 31.3453607460016),-0.6895245187968901,-0.7714827462111882,-0.9101762540041934,-1.0196066547594451,happy,-0.5652015149210046
94,和泰苑居委会,2,1,0,大场镇,宝山区,121.405924249204,31.3294025910568,0.5,POINT (121.405924249204 31.3294025910568),-1.125727388818833,-0.6596430702013605,-0.37125610360697364,-0.23756392390198353,very unhappy,-0.6279513288391496
95,嘉中社区居委会,3,1,0,嘉定镇街道,嘉定区,121.246424070414,31.3935261711959,0.5833333333333333,POINT (121.246424070414 31.3935261711959),-1.3230572585906641,-0.3241240421718778,0.22754406350104836,-0.6285852893307142,very unhappy,-3.301472170885617
99,国定一居委会,2,1,1,五角场街道,杨浦区,121.503809114598,31.3082623994902,0.8333333333333333,POINT (121.503809114598 31.3082623994902),1.240500084673214,0.12323466186743257,0.5269441470550594,0.9355001723842087,happy,-0.03683257608673547
100,国年居委会,2,1,1,五角场街道,杨浦区,121.505381748269,31.2932536840103,0.8333333333333333,POINT (121.505381748269 31.2932536840103),1.0674037076803793,-0.4359637181817054,-0.19161605347456706,0.9355001723842087,happy,0.18678206926787608
101,地方天园居委会,2,1,0,长寿路街道,普陀区,121.419246582963,31.2407351920755,0.5,POINT (121.419246582963 31.2407351920755),0.30231772137205126,0.9061123939362258,-0.25149607018536924,0.9355001723842087,very unhappy,0.6210798052428963
103,城西居委会,3,1,1,杨行镇,宝山区,121.438999205149,31.4075400548297,0.9166666666666665,POINT (121.438999205149 31.4075400548297),-1.246894852713817,-1.107001774240671,-0.9700562707149956,-1.0196066547594451,very happy,-0.8905622601898844
109,复兴居委会,2,1,1,淮海中路街道,黄浦区,121.470434313892,31.217398517028,0.8333333333333333,POINT (121.470434313892 31.217398517028),0.7246728812345673,0.7942727179263982,1.2455043475846859,0.15345744152674717,happy,1.0804698192361515
111,复兴岛居委会,3,1,1,定海路街道,杨浦区,121.558199209925,31.2867773439992,0.9166666666666665,POINT (121.558199209925 31.2867773439992),-0.6947174101066752,-1.107001774240671,-0.9700562707149956,-1.0196066547594451,very happy,0.007641922587141434
112,大华三村五居委会,2,1,0,大场镇,宝山区,121.410092864993,31.2856583886238,0.5,POINT (121.410092864993 31.2856583886238),0.15691676469807023,-0.6596430702013605,-0.37125610360697364,-0.6285852893307142,very unhappy,-0.054990785211379324
113,大华四村第五居委会,3,1,0,大场镇,宝山区,121.404209448007,31.283645623147,0.5833333333333333,POINT (121.404209448007 31.283645623147),0.24346495319448752,-0.4359637181817054,-0.4910161370285781,-1.0196066547594451,very unhappy,0.008786461407354756
114,大华四村第六居委会,3,1,1,大场镇,宝山区,121.401011060412,31.280088548148,0.9166666666666665,POINT (121.401011060412 31.280088548148),-0.06291563408282949,-0.547803394191533,-0.31137608689617147,-1.0196066547594451,very happy,0.028227601963111568
115,大唐花园居委会,2,1,0,顾村镇,宝山区,121.397349205401,31.3438717591744,0.5,POINT (121.397349205401 31.3438717591744),-1.2278542512446056,-0.7714827462111882,-0.5508961537393803,-1.0196066547594451,very unhappy,-0.7314033530852244
117,大统居委会,2,1,1,芷江西路街道,静安区,121.45568187282,31.2569754382658,0.8333333333333333,POINT (121.45568187282 31.2569754382658),0.4840689172145274,0.45875368989691534,0.16766404679024619,-0.23756392390198353,happy,0.3289619660475565
118,大连新村第二居委会,3,1,1,欧阳路街道,虹口区,121.487996798213,31.2751162801922,0.9166666666666665,POINT (121.487996798213 31.2751162801922),1.6143882589777363,1.2416314219657085,-0.19161605347456706,1.71754290324167,very happy,0.31517590005113444
119,大连西路四弄居委会,3,1,1,四平路街道,杨浦区,121.496218375177,31.280042761864,0.9166666666666665,POINT (121.496218375177 31.280042761864),1.8913424621662716,0.9061123939362258,-0.37125610360697364,1.71754290324167,very happy,0.365570340814973
120,天原二村居委会,3,1,0,仙霞新村街道,长宁区,121.38592944139,31.2150598417383,0.5833333333333333,POINT (121.38592944139 31.2150598417383),-0.5891286201410462,-0.3241240421718778,-0.25149607018536924,-0.23756392390198353,very unhappy,1.0093417552381856
121,天钥新村第三居委会,3,1,1,枫林路街道,徐汇区,121.443156665747,31.1878363705521,0.9166666666666665,POINT (121.443156665747 31.1878363705521),0.9929722655734606,1.2416314219657085,-0.011976003342160441,0.9355001723842087,very happy,1.3073445427708592
122,天馨花园第一居委会,2,1,1,杨行镇,宝山区,121.426125248181,31.365110795227,0.8333333333333333,POINT (121.426125248181 31.365110795227),-1.0634126931014125,-0.7714827462111882,-0.4311361203177759,-1.0196066547594451,happy,-0.6690093412715075
123,天马社区居委会,2,1,1,马陆镇,嘉定区,121.28167212207,31.3361120524293,0.8333333333333333,POINT (121.28167212207 31.3361120524293),-1.321326294820736,-0.4359637181817054,-0.7305362038717867,-1.0196066547594451,happy,-1.9588051925177279
125,好日子大家园第二居委会,3,1,1,顾村镇,宝山区,121.3561427333,31.3535919762887,0.9166666666666665,POINT (121.3561427333 31.3535919762887),-1.1447679902880448,-0.8833224222210158,-0.8502962372933912,-1.0196066547594451,very happy,-0.8992358001917887
127,威宁居委会,3,1,1,仙霞新村街道,长宁区,121.381427854312,31.2105263395189,0.9166666666666665,POINT (121.381427854312 31.2105263395189),-0.6393265694689682,-0.547803394191533,-0.31137608689617147,-0.23756392390198353,very happy,1.1668699196169112
128,娄塘社区居委会,1,1,0,徐行镇,嘉定区,121.211117730099,31.4302241638141,0.41666666666666663,POINT (121.211117730099 31.4302241638141),-1.326519186130521,-0.7714827462111882,-0.8502962372933912,-1.0196066547594451,very unhappy,-0.6473451543100824
130,安图新村居委会,3,1,1,长白新村街道,杨浦区,121.537107193242,31.2924166867807,0.9166666666666665,POINT (121.537107193242 31.2924166867807),1.7442105417223626,-0.547803394191533,-0.5508961537393803,0.5444788069554779,very happy,-0.09277826478513342
131,宛南六村居委会,4,1,1,枫林路街道,徐汇区,121.441752761081,31.1813857826278,1.0,POINT (121.441752761081 31.1813857826278),0.7177490261548538,0.7942727179263982,-0.13173603676376483,0.9355001723842087,very happy,0.9686938717811602
132,宝宸怡景园居委会,3,1,1,庙行镇,宝山区,121.42988148794,31.3329153123918,0.9166666666666665,POINT (121.42988148794 31.3329153123918),-0.7068341564961735,-0.9951620982308435,-0.4910161370285781,-1.0196066547594451,very happy,-0.5570782218510758
133,宝宸怡景园居委会,3,1,1,庙行镇,宝山区,121.42988148794,31.3329153123918,0.9166666666666665,POINT (121.42988148794 31.3329153123918),-0.7068341564961735,-0.9951620982308435,-0.4910161370285781,-1.0196066547594451,very happy,-0.5570782218510758
134,宝杨路二零二一弄居委会,3,1,1,杨行镇,宝山区,121.459723037588,31.3921055040657,0.9166666666666665,POINT (121.459723037588 31.3921055040657),-1.286707019422169,-0.9951620982308435,-0.9700562707149956,-1.0196066547594451,very happy,-0.8043684408429412
136,富丽居委会,3,1,1,罗店镇,宝山区,121.361038682988,31.3902382740771,0.9166666666666665,POINT (121.361038682988 31.3902382740771),-1.286707019422169,-0.8833224222210158,-0.6706561871609847,-1.0196066547594451,very happy,-1.3922383111832193
138,富特三居委会,3,1,0,高桥镇,浦东新区,121.583199098359,31.3362725625287,0.5833333333333333,POINT (121.583199098359 31.3362725625287),-1.2676664179529573,-0.8833224222210158,-0.8502962372933912,-1.0196066547594451,very unhappy,-0.23629162734770146
139,富辰居委会,3,1,1,罗店镇,宝山区,121.355942581984,31.3872284563282,0.9166666666666665,POINT (121.355942581984 31.3872284563282),-1.2849760556522407,-0.8833224222210158,-0.6706561871609847,-1.0196066547594451,very happy,-1.4540831273060546
140,寿光路二居委会,2,1,1,沪东新村街道,浦东新区,121.580181118363,31.2773638424674,0.8333333333333333,POINT (121.580181118363 31.2773638424674),-1.1586157004474715,-0.6596430702013605,-0.6706561871609847,-0.6285852893307142,happy,-0.026696784841086597
141,小寅居委会,2,1,1,九亭镇,松江区,121.286581648824,31.1436060081108,0.8333333333333333,POINT (121.286581648824 31.1436060081108),-1.3195953310508075,-1.2188414502504985,-1.0299362874257978,-1.0196066547594451,happy,-1.0278641016024777
142,屹立家园居委会,3,1,1,庙行镇,宝山区,121.427833296369,31.3285692477726,0.9166666666666665,POINT (121.427833296369 31.3285692477726),-0.7449153594345972,-1.107001774240671,-0.37125610360697364,-1.0196066547594451,very happy,-0.5534220440143939
143,州桥社区居委会,3,0,0,嘉定镇街道,嘉定区,121.246104141992,31.3849543073954,0.25,POINT (121.246104141992 31.3849543073954),-1.3161334035109509,0.12323466186743257,0.6467041804766639,0.15345744152674717,very unhappy,-3.452294553054102
144,左家宅居委会,3,1,1,新华路街道,长宁区,121.419795496764,31.2016672637332,0.9166666666666665,POINT (121.419795496764 31.2016672637332),0.3282821779209764,0.12323466186743257,-0.07185602005296265,1.71754290324167,very happy,1.249305609858916
145,市一(1)居委会,2,1,0,殷行街道,杨浦区,121.530083990783,31.3181246537298,0.5,POINT (121.530083990783 31.3181246537298),2.8347177167772193,-0.10044469015222258,-0.6107761704501824,0.15345744152674717,very unhappy,-0.09782759522190869
146,市光路第三居委会,3,1,1,五角场镇,杨浦区,121.513155471847,31.3124795570859,0.9166666666666665,POINT (121.513155471847 31.3124795570859),1.7805607808908577,-0.547803394191533,0.28742408021185056,-0.23756392390198353,very happy,-0.12164855155346109
147,市光路第三居委会,2,1,1,五角场镇,杨浦区,121.513155471847,31.3124795570859,0.8333333333333333,POINT (121.513155471847 31.3124795570859),1.7805607808908577,-0.547803394191533,0.28742408021185056,-0.23756392390198353,happy,-0.12164855155346109
148,平塘居委会,3,0,1,新泾镇,长宁区,121.359549556766,31.2142011735453,0.5833333333333333,POINT (121.359549556766 31.2142011735453),-0.09753490948139638,0.45875368989691534,0.3473040969226528,-0.23756392390198353,very unhappy,1.115001525190924
149,平望街居委会,2,1,1,南京东路街道,黄浦区,121.475349197007,31.2331286110965,0.8333333333333333,POINT (121.475349197007 31.2331286110965),0.9912413018035324,3.4784249421622606,5.4969855340516425,1.71754290324167,happy,0.7904055320644003
150,幸福一村居委会,2,1,1,彭浦镇,静安区,121.438880879549,31.306073790473,0.8333333333333333,POINT (121.438880879549 31.306073790473),0.20711471402599232,-0.4359637181817054,-0.07185602005296265,-0.23756392390198353,happy,-0.3794267534709413
152,庆源居委会,3,1,1,嘉兴路街道,虹口区,121.486252422811,31.2577110828002,0.9166666666666665,POINT (121.486252422811 31.2577110828002),1.2301143020536438,2.919226562113123,0.5868241637658617,-0.23756392390198353,very happy,0.4215273276557141
153,庆阳居委会,3,1,1,嘉兴路街道,虹口区,121.487594630387,31.2640732331931,0.9166666666666665,POINT (121.487594630387 31.2640732331931),1.1868402078054354,1.8008298020148465,0.28742408021185056,-0.23756392390198353,very happy,0.4169285346512493
155,延中居委会,2,1,1,瑞金二路街道,黄浦区,121.454103073398,31.2239874026965,0.8333333333333333,POINT (121.454103073398 31.2239874026965),0.9670078090245354,1.8008298020148465,1.36526438100629,0.5444788069554779,happy,1.054198493632313
156,延中居委会,2,1,1,南京西路街道,静安区,121.448760582434,31.2239444079081,0.8333333333333333,POINT (121.448760582434 31.2239444079081),0.9687387727944639,1.4653107739853637,2.1437045982467193,1.3265215378129394,happy,1.0167057645792992
157,建设新村居委会,3,1,1,欧阳路街道,虹口区,121.481397817655,31.2731845310413,0.9166666666666665,POINT (121.481397817655 31.2731845310413),1.8151800562894242,1.3534710979755362,0.16766404679024619,0.5444788069554779,very happy,0.2858968066772197
159,徐安第一社区居委会,3,1,1,徐泾镇,青浦区,121.27629068057,31.1630057561108,0.9166666666666665,POINT (121.27629068057 31.1630057561108),-1.271128345492814,-1.107001774240671,-0.8502962372933912,-0.23756392390198353,very happy,-1.733044301271131
161,志丹居委会,2,1,1,甘泉路街道,普陀区,121.424239037101,31.2626925031565,0.8333333333333333,POINT (121.424239037101 31.2626925031565),0.4442567505061754,0.12323466186743257,-0.07185602005296265,-0.23756392390198353,happy,0.20310427996641828
162,志成居委会,3,1,1,淮海中路街道,黄浦区,121.477177021402,31.2195108806226,0.9166666666666665,POINT (121.477177021402 31.2195108806226),0.8389164900498379,1.8008298020148465,1.9041845314035102,0.15345744152674717,very happy,0.8956065967596618
163,政通路第一居委会,2,1,1,五角场街道,杨浦区,121.51537758151,31.3028752751738,0.8333333333333333,POINT (121.51537758151 31.3028752751738),2.8399106080870045,-0.10044469015222258,1.005984280741477,0.9355001723842087,happy,0.010323367641260075
164,文化佳园居委会,4,1,1,五角场镇,杨浦区,121.520027934441,31.2908564574595,1.0,POINT (121.520027934441 31.2908564574595),1.0483631062111678,-0.10044469015222258,-0.4910161370285781,0.15345744152674717,very happy,0.03856672167619585
165,文定居委会,3,1,1,徐家汇街道,徐汇区,121.429241128375,31.1901074887696,0.9166666666666665,POINT (121.429241128375 31.1901074887696),0.4684902432851723,2.248188506054157,3.82034506614918,2.4995856340991316,very happy,1.2439192292652388
166,文苑第一居委会,2,0,1,凉城新村街道,虹口区,121.461238711797,31.3005937940683,0.5,POINT (121.461238711797 31.3005937940683),-0.11311358341075146,-0.9951620982308435,-0.4311361203177759,-0.6285852893307142,very unhappy,-0.06714574194981433
167,文苑第二居委会,3,1,1,凉城新村街道,虹口区,121.461281238938,31.2980708306043,0.9166666666666665,POINT (121.461281238938 31.2980708306043),-0.14427093126946167,-0.8833224222210158,-0.4910161370285781,-1.0196066547594451,very happy,-0.05675855757211143
169,新乐居委会,2,1,0,湖南路街道,徐汇区,121.449916710387,31.2191650984905,0.5,POINT (121.449916710387 31.2191650984905),0.9514291350951803,0.12323466186743257,1.005984280741477,2.1085642686704005,very unhappy,1.131062958371214
171,新乐居委会,2,1,0,竖新镇,崇明区,121.577382193433,31.5660147735629,0.5,POINT (121.577382193433 31.5660147735629),-1.326519186130521,-1.2188414502504985,-1.0299362874257978,-1.0196066547594451,very unhappy,-0.9939356435893337
172,新华里居委会,2,1,1,大桥街道,杨浦区,121.530219041975,31.2629813249282,0.8333333333333333,POINT (121.530219041975 31.2629813249282),0.8596880552889783,-0.547803394191533,-0.31137608689617147,-0.6285852893307142,happy,0.022444419606921878
174,新城尚景居委会,2,1,1,淞南镇,宝山区,121.477997735507,31.3440198496364,0.8333333333333333,POINT (121.477997735507 31.3440198496364),-0.6168240404598997,-0.4359637181817054,-0.19161605347456706,-1.0196066547594451,happy,-0.5257190028378588
175,新宜居委会,2,1,0,甘泉路街道,普陀区,121.433434108597,31.2673962029724,0.5,POINT (121.433434108597 31.2673962029724),0.42521614903696364,-0.10044469015222258,-0.13173603676376483,-1.0196066547594451,very unhappy,0.10746589795241128
176,新宝社区居委会,1,1,1,嘉定工业区,嘉定区,121.191829968378,31.4041773341167,0.75,POINT (121.191829968378 31.4041773341167),-1.326519186130521,-1.2188414502504985,-0.9700562707149956,-1.0196066547594451,very unhappy,-0.6473451543100824
177,新成居委会,4,1,1,南京西路街道,静安区,121.460286307267,31.2309321060319,1.0,POINT (121.460286307267 31.2309321060319),0.4373328954264621,1.8008298020148465,0.5868241637658617,0.15345744152674717,very happy,0.6685700561477936
178,新曹杨居委会,2,1,1,长征镇,普陀区,121.388985967228,31.2375225915943,0.8333333333333333,POINT (121.388985967228 31.2375225915943),-0.17023538781838682,-0.21228436616205018,0.22754406350104836,-1.0196066547594451,happy,0.45453942871102115
179,新桥居委会,3,1,1,南京东路街道,黄浦区,121.460605005416,31.2418957069214,0.9166666666666665,POINT (121.460605005416 31.2418957069214),0.15345483715821362,1.2416314219657085,1.0658642974522792,0.5444788069554779,very happy,0.6513828819530543
180,新桥居委会,3,1,1,天目西路街道,静安区,121.452173394486,31.2415690686576,0.9166666666666665,POINT (121.452173394486 31.2415690686576),0.3040486851419796,1.8008298020148465,0.9461042640306747,0.9355001723842087,very happy,0.6328018780955401
181,新桥居委会,3,1,1,张庙街道,宝山区,121.448258999952,31.3412723542357,0.9166666666666665,POINT (121.448258999952 31.3412723542357),-0.4177632069181401,-0.3241240421718778,-0.4311361203177759,-0.6285852893307142,very happy,-0.5369343692934065
182,新桥居委会,3,1,1,罗店镇,宝山区,121.340530951342,31.4122762480504,0.9166666666666665,POINT (121.340530951342 31.4122762480504),-1.3178643672808792,-0.9951620982308435,0.46706413034425726,-0.6285852893307142,very happy,-2.118085627504757
183,新桥居委会,3,1,1,南码头路街道,浦东新区,121.503794218228,31.191124067122,0.9166666666666665,POINT (121.503794218228 31.191124067122),-1.065143656871341,-0.3241240421718778,-0.790416220582589,-1.0196066547594451,very happy,-1.9090576586281656
184,新桥居委会,2,1,0,南京东路街道,黄浦区,121.460605005416,31.2418957069214,0.5,POINT (121.460605005416 31.2418957069214),0.15345483715821362,1.2416314219657085,1.0658642974522792,0.5444788069554779,very unhappy,0.6513828819530543
185,新桥居委会,2,1,0,天目西路街道,静安区,121.452173394486,31.2415690686576,0.5,POINT (121.452173394486 31.2415690686576),0.3040486851419796,1.8008298020148465,0.9461042640306747,0.9355001723842087,very unhappy,0.6328018780955401
186,新桥居委会,2,1,0,张庙街道,宝山区,121.448258999952,31.3412723542357,0.5,POINT (121.448258999952 31.3412723542357),-0.4177632069181401,-0.3241240421718778,-0.4311361203177759,-0.6285852893307142,very unhappy,-0.5369343692934065
187,新桥居委会,2,1,0,罗店镇,宝山区,121.340530951342,31.4122762480504,0.5,POINT (121.340530951342 31.4122762480504),-1.3178643672808792,-0.9951620982308435,0.46706413034425726,-0.6285852893307142,very unhappy,-2.118085627504757
188,新桥居委会,2,1,0,南码头路街道,浦东新区,121.503794218228,31.191124067122,0.5,POINT (121.503794218228 31.191124067122),-1.065143656871341,-0.3241240421718778,-0.790416220582589,-1.0196066547594451,very unhappy,-1.9090576586281656
189,新梅绿岛苑居委会,3,1,1,庙行镇,宝山区,121.42567355469,31.3364438995663,0.9166666666666665,POINT (121.42567355469 31.3364438995663),-0.980326432144852,-1.107001774240671,-0.9700562707149956,-1.0196066547594451,very happy,-0.5712686756177482
191,新泾二村居委会,3,1,1,北新泾街道,长宁区,121.369467594154,31.217472588789,0.9166666666666665,POINT (121.369467594154 31.217472588789),-0.351986583660863,0.23507433787726018,0.047904013368641765,-0.23756392390198353,very happy,1.0130107138599107
192,新泾五村居委会,3,1,1,北新泾街道,长宁区,121.361698883396,31.2206023778974,0.9166666666666665,POINT (121.361698883396 31.2206023778974),0.013246771794017691,0.3469140138870878,-0.19161605347456706,0.15345744152674717,very happy,0.7880649141664597
193,新泾八村居委会,2,1,1,北新泾街道,长宁区,121.35832112422,31.2188030692063,0.8333333333333333,POINT (121.35832112422 31.2188030692063),-0.06637756162268615,0.570593365906743,-0.07185602005296265,-0.23756392390198353,happy,0.8483182872628553
194,新灵居委会,2,1,1,甘泉路街道,普陀区,121.422301700463,31.2684750638731,0.8333333333333333,POINT (121.422301700463 31.2684750638731),0.9531600988651088,-0.6596430702013605,0.047904013368641765,-0.23756392390198353,happy,0.10929321567606312
195,新理想居委会,3,1,0,共和新路街道,静安区,121.450147218319,31.2674345212861,0.5833333333333333,POINT (121.450147218319 31.2674345212861),0.662358185517147,0.12323466186743257,0.3473040969226528,0.5444788069554779,very unhappy,0.17661592511851953
196,新码居委会,3,1,1,小东门街道,黄浦区,121.50050746055,31.2222787726473,0.9166666666666665,POINT (121.50050746055 31.2222787726473),-0.3450627285811496,0.12323466186743257,-0.5508961537393803,-0.6285852893307142,very happy,0.40924017569224674
202,昭通路居委会,3,1,0,外滩街道,黄浦区,121.480756708955,31.235985645721,0.5833333333333333,POINT (121.480756708955 31.235985645721),1.041439251131454,2.6955472100934674,4.778425333522016,2.1085642686704005,very unhappy,0.7405109222643086
203,晋阳居委会,2,1,1,提篮桥街道,虹口区,121.507830564429,31.25484361604,0.8333333333333333,POINT (121.507830564429 31.25484361604),0.49618566360402583,-0.10044469015222258,-0.4910161370285781,0.15345744152674717,happy,0.02467039391751463
207,曹杨花苑居委会,3,1,1,真如镇街道,普陀区,121.399369632202,31.2564660865407,0.9166666666666665,POINT (121.399369632202 31.2564660865407),0.20884567779592064,-0.7714827462111882,-0.31137608689617147,-0.6285852893307142,very happy,0.3232677161305903
208,曹王社区居委会,3,1,0,徐行镇,嘉定区,121.300650320056,31.4332682196526,0.5833333333333333,POINT (121.300650320056 31.4332682196526),-1.326519186130521,-1.2188414502504985,-0.6706561871609847,-1.0196066547594451,very unhappy,-3.2000338502007337
210,未来街区居委会,3,1,1,长征镇,普陀区,121.360039545188,31.2378808581151,0.9166666666666665,POINT (121.360039545188 31.2378808581151),-0.04041310507376101,0.23507433787726018,-0.7305362038717867,-0.6285852893307142,very happy,0.6007289158217701
212,李园二村社区居委会,3,0,1,嘉定镇街道,嘉定区,121.247717585098,31.390366936485,0.5833333333333333,POINT (121.247717585098 31.390366936485),-1.3178643672808792,0.12323466186743257,0.5269441470550594,0.15345744152674717,very unhappy,-3.318841124812185
214,果育居委会,2,1,1,豫园街道,黄浦区,121.48645308674,31.2250363251663,0.8333333333333333,POINT (121.48645308674 31.2250363251663),0.7592921566331341,1.129791745955881,2.98202483219795,-0.6285852893307142,happy,0.7282397214693652
216,柳营新村第二居委会,2,1,1,共和新路街道,静安区,121.45735444725,31.2697782255846,0.8333333333333333,POINT (121.45735444725 31.2697782255846),0.7073632435352838,0.3469140138870878,0.46706413034425726,0.5444788069554779,happy,0.218493248873454
217,柳营桥居委会,2,1,1,共和新路街道,静安区,121.454197480629,31.2669203923622,0.8333333333333333,POINT (121.454197480629 31.2669203923622),0.7454444464737074,0.23507433787726018,0.22754406350104836,0.5444788069554779,happy,0.21860444836668202
218,柿子湾居委会,3,1,1,徐家汇街道,徐汇区,121.423356142971,31.1902461453433,0.9166666666666665,POINT (121.423356142971 31.1902461453433),0.0755614675114381,1.8008298020148465,0.8862242473198725,2.4995856340991316,very happy,1.035127987584311
219,桃园社区居委会,3,1,1,嘉定镇街道,嘉定区,121.241447055837,31.3916518842271,0.9166666666666665,POINT (121.241447055837 31.3916518842271),-1.3230572585906641,-0.21228436616205018,0.46706413034425726,-0.6285852893307142,very happy,-3.8293756614842303
220,桃园社区居委会,3,1,1,嘉定镇街道,嘉定区,121.241447055837,31.3916518842271,0.9166666666666665,POINT (121.241447055837 31.3916518842271),-1.3230572585906641,-0.21228436616205018,0.46706413034425726,-0.6285852893307142,very happy,-3.8293756614842303
221,桑城居委会,3,1,0,五里桥街道,黄浦区,121.477681038349,31.2069590518188,0.5833333333333333,POINT (121.477681038349 31.2069590518188),1.7701749982712878,0.570593365906743,-0.25149607018536924,0.5444788069554779,very unhappy,1.1508596474491326
224,梦湖苑居委会,2,1,1,凉城新村街道,虹口区,121.45846668379,31.2861395259184,0.8333333333333333,POINT (121.45846668379 31.2861395259184),-0.1650424965086018,-0.547803394191533,-0.7305362038717867,-0.6285852893307142,happy,0.031493389873629055
225,梧州居委会,3,1,1,嘉兴路街道,虹口区,121.488322299734,31.2584121385094,0.9166666666666665,POINT (121.488322299734 31.2584121385094),1.1903021353452918,2.58370753408364,0.3473040969226528,-0.6285852893307142,very happy,0.4081648921285885
226,欧三居委会,2,1,1,欧阳路街道,虹口区,121.482185140831,31.2705862367654,0.8333333333333333,POINT (121.482185140831 31.2705862367654),1.462063447224042,2.471867858073812,0.22754406350104836,0.15345744152674717,happy,0.30791873994041796
227,欧四居委会,2,1,1,欧阳路街道,虹口区,121.484418824769,31.2735925894265,0.8333333333333333,POINT (121.484418824769 31.2735925894265),2.076555585548604,1.3534710979755362,-0.07185602005296265,0.9355001723842087,happy,0.30650840061857365
228,民乐社区居委会,4,1,0,嘉定工业区,嘉定区,121.249384334619,31.3722144402442,0.6666666666666666,POINT (121.249384334619 31.3722144402442),-1.3092095484312376,-0.8833224222210158,-0.6107761704501824,-0.6285852893307142,very unhappy,-3.452294553054102
230,民治路居委会,2,1,1,长白新村街道,杨浦区,121.547859914803,31.3008015419576,0.8333333333333333,POINT (121.547859914803 31.3008015419576),-0.1546567138890317,-0.6596430702013605,-0.6107761704501824,-0.23756392390198353,happy,-0.06966714728388879
233,永乐居委会,3,1,1,江宁路街道,静安区,121.437756732387,31.2376073167243,0.9166666666666665,POINT (121.437756732387 31.2376073167243),0.5983125260297981,2.024509154034502,0.5269441470550594,0.5444788069554779,very happy,0.6103898023295795
234,永乐居委会,3,1,1,共和新路街道,静安区,121.441064312068,31.268430402641,0.9166666666666665,POINT (121.441064312068 31.268430402641),0.23654109811477408,-0.3241240421718778,-0.011976003342160441,0.15345744152674717,very happy,0.13123375399531984
236,永美居委会,3,1,1,四川北路街道,虹口区,121.480142927054,31.2619176355904,0.9166666666666665,POINT (121.480142927054 31.2619176355904),1.3720533311877683,3.366585266152433,1.005984280741477,0.15345744152674717,very happy,0.4064613043587863
237,汇佳苑居委会,3,1,1,沪东新村街道,浦东新区,121.575667476772,31.2824489735413,0.9166666666666665,POINT (121.575667476772 31.2824489735413),-1.2347781063243186,-0.9951620982308435,-0.6107761704501824,-1.0196066547594451,very happy,0.4565318350351643
241,江安社区居委会,2,1,1,江桥镇,嘉定区,121.337258533354,31.2557442591902,0.8333333333333333,POINT (121.337258533354 31.2557442591902),-0.5146971780341274,-0.6596430702013605,-0.4311361203177759,-0.23756392390198353,happy,0.44565674746363987
243,汪家井居委会,2,1,1,甘泉路街道,普陀区,121.429311199951,31.2603296657815,0.8333333333333333,POINT (121.429311199951 31.2603296657815),0.6883226420660721,0.3469140138870878,0.047904013368641765,0.15345744152674717,happy,0.27075889169624023
244,沈家滩居委会,1,1,1,定海路街道,杨浦区,121.55128878335,31.2691663781258,0.75,POINT (121.55128878335 31.2691663781258),0.034018337033157806,-0.4359637181817054,-0.7305362038717867,-1.0196066547594451,very unhappy,0.21671574578593006
245,沪东新村一居委会,2,1,1,沪东新村街道,浦东新区,121.579304787485,31.2717919425441,0.8333333333333333,POINT (121.579304787485 31.2717919425441),-1.1828491932264684,-0.4359637181817054,-0.6706561871609847,-0.23756392390198353,happy,0.45305309348332384
246,沪东新村二居委会,2,1,1,沪东新村街道,浦东新区,121.575916377638,31.2718783772853,0.8333333333333333,POINT (121.575916377638 31.2718783772853),-1.2243923237047487,-0.547803394191533,-0.6706561871609847,-0.23756392390198353,happy,-0.031891968447809456
247,河南居委会,2,1,1,虹桥镇,闵行区,121.38794830517,31.176478103082,0.8333333333333333,POINT (121.38794830517 31.176478103082),-0.6999103014164603,-0.3241240421718778,-0.9700562707149956,-0.23756392390198353,happy,1.1778643551287182
248,泗塘五村一居委会,2,1,1,张庙街道,宝山区,121.456767705265,31.3370497953118,0.8333333333333333,POINT (121.456767705265 31.3370497953118),-0.4870017577152738,-0.21228436616205018,-0.31137608689617147,-0.6285852893307142,happy,-0.5208193718130503
249,泾泰居委会,2,1,0,长征镇,普陀区,121.361206873298,31.241928113092,0.5,POINT (121.361206873298 31.241928113092),0.14826194584842858,0.6824330419165707,-0.6706561871609847,-0.6285852893307142,very unhappy,0.5743622923720929
250,洛善居委会,3,1,1,共和新路街道,静安区,121.447726309021,31.2682404577309,0.9166666666666665,POINT (121.447726309021 31.2682404577309),0.5083024099935242,-0.21228436616205018,0.22754406350104836,0.5444788069554779,very happy,0.14544676452712696
253,海棠苑居委会,3,1,1,真如镇街道,普陀区,121.388639087923,31.2505003267287,0.9166666666666665,POINT (121.388639087923 31.2505003267287),0.11710459798971837,-0.3241240421718778,-0.07185602005296265,0.15345744152674717,very happy,0.6465230230999712
254,海棠苑居委会,3,1,1,桃浦镇,普陀区,121.347699290889,31.2856322525265,0.9166666666666665,POINT (121.347699290889 31.2856322525265),-0.32256019957208115,-0.7714827462111882,-0.4910161370285781,-1.0196066547594451,very happy,0.2195129254679078
256,海高新村居委会,1,1,1,高桥镇,浦东新区,121.574844446913,31.3568227745514,0.75,POINT (121.574844446913 31.3568227745514),-1.3040166571214524,-0.9951620982308435,-0.7305362038717867,0.15345744152674717,very unhappy,-0.4961936162393771
257,海高新村居委会,3,1,1,高桥镇,浦东新区,121.574844446913,31.3568227745514,0.9166666666666665,POINT (121.574844446913 31.3568227745514),-1.3040166571214524,-0.9951620982308435,-0.7305362038717867,0.15345744152674717,very happy,-0.4961936162393771
259,淞南九村一居委会,2,1,0,淞南镇,宝山区,121.46930527172,31.3425595295986,0.5,POINT (121.46930527172 31.3425595295986),-0.914549808887575,-0.6596430702013605,-0.19161605347456706,-1.0196066547594451,very unhappy,-0.5184015326659048
260,淞南五村一居委会,3,1,0,淞南镇,宝山区,121.477428365726,31.3414919174181,0.5833333333333333,POINT (121.477428365726 31.3414919174181),-0.4696921200159905,-0.3241240421718778,-0.25149607018536924,-1.0196066547594451,very unhappy,-0.5067967161802425
262,潘东居委会,2,1,1,华阳路街道,长宁区,121.419703628319,31.2151483395243,0.8333333333333333,POINT (121.419703628319 31.2151483395243),0.3975207287181102,0.9061123939362258,1.36526438100629,2.4995856340991316,happy,1.068877557556924
263,潼港一村居委会,3,1,1,高桥镇,浦东新区,121.572080012782,31.3446845331647,0.9166666666666665,POINT (121.572080012782 31.3446845331647),-1.252087744023602,-0.547803394191533,-0.25149607018536924,0.9355001723842087,very happy,-0.4407850291910052
264,瀛兴居委会,4,1,0,竖新镇,崇明区,121.592313500667,31.6145890791227,0.6666666666666666,POINT (121.592313500667 31.6145890791227),-1.326519186130521,-1.2188414502504985,-0.9101762540041934,-1.0196066547594451,very unhappy,-0.9939356435893337
265,灵山路三居委会,3,1,1,金杨新村街道,浦东新区,121.573350620834,31.2527470409432,0.9166666666666665,POINT (121.573350620834 31.2527470409432),-0.9301284828169302,-0.547803394191533,-0.4910161370285781,-0.6285852893307142,very happy,0.45305309348332384
267,牡丹第二居委会,3,1,1,花木街道,浦东新区,121.547792739943,31.2171633407156,0.9166666666666665,POINT (121.547792739943 31.2171633407156),-1.0478340191720574,-0.8833224222210158,-0.6107761704501824,-1.0196066547594451,very happy,-1.3270378990713265
268,牡丹第四居委会,3,1,1,花木街道,浦东新区,121.539261535391,31.2088592680408,0.9166666666666665,POINT (121.539261535391 31.2088592680408),-0.9301284828169302,-0.9951620982308435,-0.4910161370285781,-1.0196066547594451,very happy,-1.3270378990713265
269,玉三居委会,3,1,1,曲阳路街道,虹口区,121.489141469703,31.2797424359646,0.9166666666666665,POINT (121.489141469703 31.2797424359646),1.6697790996154436,1.0179520699460534,-0.5508961537393803,1.71754290324167,very happy,0.25668805566557473
277,番禺居委会,3,1,1,徐家汇街道,徐汇区,121.42265234343,31.2000682808265,0.9166666666666665,POINT (121.42265234343 31.2000682808265),0.35251567069997325,0.12323466186743257,0.3473040969226528,1.3265215378129394,very happy,1.2534377108361168
278,番禺居委会,3,1,1,新华路街道,长宁区,121.423473587236,31.2058928812515,0.9166666666666665,POINT (121.423473587236 31.2058928812515),0.4494496418159605,0.6824330419165707,0.10778403007944398,1.3265215378129394,very happy,1.1978663672052003
279,白渡居委会,2,1,1,小东门街道,黄浦区,121.495701024882,31.221563299007,0.8333333333333333,POINT (121.495701024882 31.221563299007),0.12056652552957504,0.45875368989691534,-0.19161605347456706,-1.0196066547594451,happy,0.12153918708780174
280,盛达家园居委会,2,1,1,淞南镇,宝山区,121.460636124657,31.3368873948374,0.8333333333333333,POINT (121.460636124657 31.3368873948374),-0.6427884970088248,-0.3241240421718778,-0.31137608689617147,-1.0196066547594451,happy,-0.5165692954651848
281,真光新村第八居委会,3,1,1,真如镇街道,普陀区,121.376851546162,31.2519254284158,0.9166666666666665,POINT (121.376851546162 31.2519254284158),0.1863431487868521,-0.7714827462111882,0.40718411363345497,-0.6285852893307142,very happy,0.5799666194573303
282,真北新村第三居委会,3,1,1,真如镇街道,普陀区,121.391829787214,31.259875633154,0.9166666666666665,POINT (121.391829787214 31.259875633154),0.42694711280689207,-0.4359637181817054,-0.6107761704501824,-1.0196066547594451,very happy,0.18856607706415987
283,真如西村居委会,3,1,1,真如镇街道,普陀区,121.39447074263,31.2483672832236,0.9166666666666665,POINT (121.39447074263 31.2483672832236),-0.021372503604549203,0.011394985857605004,-0.07185602005296265,-0.23756392390198353,very happy,0.6291116268401912
284,真西新村第二居委会,3,1,1,真如镇街道,普陀区,121.386647521266,31.2504619958244,0.9166666666666665,POINT (121.386647521266 31.2504619958244),0.14826194584842858,-0.21228436616205018,0.5269441470550594,0.15345744152674717,very happy,0.6521436799177854
285,瞿中居委会,2,1,1,五里桥街道,黄浦区,121.469408242296,31.201687651364,0.8333333333333333,POINT (121.469408242296 31.201687651364),1.6282359691371633,0.3469140138870878,-0.13173603676376483,0.9355001723842087,happy,1.1557511023648155
286,瞿西居委会,4,1,1,五里桥街道,黄浦区,121.466756238709,31.1983983647927,1.0,POINT (121.466756238709 31.1983983647927),1.3807081500374097,0.011394985857605004,-0.19161605347456706,0.5444788069554779,very happy,1.1734988534979807
287,知音苑居委会,3,1,1,长寿路街道,普陀区,121.422274915954,31.2341052964223,0.9166666666666665,POINT (121.422274915954 31.2341052964223),0.37328723593911334,0.570593365906743,-0.07185602005296265,2.4995856340991316,very happy,0.7184015583075548
289,福地苑第一居委会,2,1,1,杨行镇,宝山区,121.445107825865,31.3967744720642,0.8333333333333333,POINT (121.445107825865 31.3967744720642),-1.286707019422169,-1.107001774240671,-1.0299362874257978,-1.0196066547594451,happy,-0.8308865322260369
290,秋水云庐居委会,2,1,1,长寿路街道,普陀区,121.440301075434,31.2468691511904,0.8333333333333333,POINT (121.440301075434 31.2468691511904),0.587926743410228,2.471867858073812,0.46706413034425726,1.71754290324167,happy,0.5123570101571185
296,红春公寓居委会,3,1,1,虹桥镇,闵行区,121.381756553822,31.1882830737049,0.9166666666666665,POINT (121.381756553822 31.1882830737049),-0.8383874030107278,-0.7714827462111882,-0.4311361203177759,0.15345744152674717,very happy,1.4642892900012034
299,绿园居委会,3,1,1,彭浦镇,静安区,121.432446903901,31.2727770383297,0.9166666666666665,POINT (121.432446903901 31.2727770383297),0.3213583228412631,-0.4359637181817054,-0.6107761704501824,-1.0196066547594451,very happy,0.025439660412077254
300,绿地居委会,3,1,1,高行镇,浦东新区,121.609735548656,31.2925200935275,0.9166666666666665,POINT (121.609735548656 31.2925200935275),-1.246894852713817,0.23507433787726018,-0.790416220582589,-0.23756392390198353,very happy,0.4870848073674558
305,罗山五村居委会,2,1,1,金杨新村街道,浦东新区,121.551500067374,31.2520009381927,0.8333333333333333,POINT (121.551500067374 31.2520009381927),-1.1880420845362534,-0.4359637181817054,-0.9101762540041934,-0.6285852893307142,happy,0.05320859580125126
308,羽洋居委会,3,1,1,洋泾街道,浦东新区,121.549324419386,31.2391086332568,0.9166666666666665,POINT (121.549324419386 31.2391086332568),-1.1066867873496211,-0.6596430702013605,-0.7305362038717867,-0.6285852893307142,very happy,-0.334486759838015
309,胶东路一居委会,2,1,1,浦兴路街道,浦东新区,121.596342904101,31.2600710018753,0.8333333333333333,POINT (121.596342904101 31.2600710018753),-1.0737984757209829,-0.7714827462111882,-0.7305362038717867,-1.0196066547594451,happy,0.519382864189744
310,航华三村第一居委会,3,1,1,七宝镇,闵行区,121.344081787744,31.168550777996,0.9166666666666665,POINT (121.344081787744 31.168550777996),-0.9266665552770734,-0.547803394191533,-0.4311361203177759,-0.23756392390198353,very happy,-1.292158124754373
311,艺康苑居委会,1,1,0,彭浦新村街道,静安区,121.440844564525,31.3204542215851,0.41666666666666663,POINT (121.440844564525 31.3204542215851),0.8718048016784765,-0.4359637181817054,0.8263442306090703,0.5444788069554779,very unhappy,-0.5109610175940146
312,芙蓉江路第一居委会,2,1,1,仙霞新村街道,长宁区,121.39197295209,31.2100072436394,0.8333333333333333,POINT (121.39197295209 31.2100072436394),-0.3502556198909347,-0.21228436616205018,0.9461042640306747,1.3265215378129394,happy,1.1255802819893066
313,芝巷居委会,2,1,1,长征镇,普陀区,121.385799277114,31.2394323550192,0.8333333333333333,POINT (121.385799277114 31.2394323550192),-0.009255757215050784,-0.21228436616205018,0.22754406350104836,-1.0196066547594451,happy,0.45453942871102115
314,茂兴路居委会,2,1,1,塘桥街道,浦东新区,121.505756508356,31.2103320023201,0.8333333333333333,POINT (121.505756508356 31.2103320023201),-0.7518392145143106,-0.7714827462111882,-0.4910161370285781,0.15345744152674717,happy,-1.3270378990713265
317,菊泉居委会,3,1,1,顾村镇,宝山区,121.369355967603,31.358504421342,0.9166666666666665,POINT (121.369355967603 31.358504421342),-1.0443720916322008,-0.8833224222210158,-0.6706561871609847,-1.0196066547594451,very happy,-0.9001173564600633
318,蓝天居委会,3,1,1,五角场街道,杨浦区,121.511005990534,31.2991096887611,0.9166666666666665,POINT (121.511005990534 31.2991096887611),2.922996869043565,0.3469140138870878,1.2455043475846859,0.9355001723842087,very happy,0.053687860165654626
319,蓝天居委会,3,1,1,花木街道,浦东新区,121.568416056056,31.239335319969,0.9166666666666665,POINT (121.568416056056 31.239335319969),-1.1032248598097643,-0.7714827462111882,-0.9101762540041934,0.15345744152674717,very happy,0.519382864189744
320,虬江居委会,3,1,1,五角场镇,杨浦区,121.549675649611,31.3112655577593,0.9166666666666665,POINT (121.549675649611 31.3112655577593),-0.7968442725324475,-0.7714827462111882,-0.790416220582589,-1.0196066547594451,very happy,-0.13912079484074813
321,虹二居委会,3,1,1,徐家汇街道,徐汇区,121.421306258876,31.1978573551328,0.9166666666666665,POINT (121.421306258876 31.1978573551328),0.29712483006226625,0.12323466186743257,0.16766404679024619,1.71754290324167,very happy,1.2756788303779585
322,虹仙居委会,3,1,1,仙霞新村街道,长宁区,121.379974957278,31.2070149150063,0.9166666666666665,POINT (121.379974957278 31.2070149150063),-0.8003062000723044,-0.4359637181817054,-0.4910161370285781,-0.23756392390198353,very happy,1.2340164628307875
323,虹仪居委会,3,1,1,欧阳路街道,虹口区,121.484281643083,31.2721365042962,0.9166666666666665,POINT (121.484281643083 31.2721365042962),1.7909465635104278,1.8008298020148465,-0.13173603676376483,0.5444788069554779,very happy,0.3157973978259994
324,虹华苑居委会,2,1,1,虹桥镇,闵行区,121.377224136184,31.1878707354461,0.8333333333333333,POINT (121.377224136184 31.1878707354461),-0.7604940333639523,-0.7714827462111882,-0.07185602005296265,-0.23756392390198353,happy,1.4834202343072764
325,虹南居委会,2,1,1,虹梅路街道,徐汇区,121.403402664401,31.1820388271302,0.8333333333333333,POINT (121.403402664401 31.1820388271302),-0.7051031927262452,-0.8833224222210158,-0.790416220582589,-0.6285852893307142,happy,1.5585833823683939
326,虹南居委会,2,1,1,虹桥街道,长宁区,121.413602092462,31.1934427010198,0.8333333333333333,POINT (121.413602092462 31.1934427010198),-0.196199844367312,0.011394985857605004,-0.4910161370285781,0.9355001723842087,happy,1.2550351066803511
328,虹叶居委会,3,1,1,嘉兴路街道,虹口区,121.499470893866,31.2646606856421,0.9166666666666665,POINT (121.499470893866 31.2646606856421),1.2093427368145038,0.12323466186743257,-0.13173603676376483,0.15345744152674717,very happy,0.39217436415376516
329,虹桥居委会,2,1,1,虹桥街道,长宁区,121.406991489965,31.1997558788307,0.8333333333333333,POINT (121.406991489965 31.1997558788307),-0.3796820039797165,-0.3241240421718778,0.047904013368641765,0.15345744152674717,happy,1.2498339582324902
330,虹桥居委会,2,1,1,虹桥镇,闵行区,121.388636106671,31.1821196258201,0.8333333333333333,POINT (121.388636106671 31.1821196258201),-0.713758011575887,-0.6596430702013605,-0.8502962372933912,0.15345744152674717,happy,1.5874720747791438
331,虹纺居委会,2,1,0,仙霞新村街道,长宁区,121.384202481359,31.2045261950279,0.5,POINT (121.384202481359 31.2045261950279),-0.713758011575887,-0.3241240421718778,-0.37125610360697364,-0.6285852893307142,very unhappy,1.2622741665971913
332,西安居委会,3,1,1,提篮桥街道,虹口区,121.491387458164,31.2524056214223,0.9166666666666665,POINT (121.491387458164 31.2524056214223),0.6502414391276485,0.23507433787726018,-0.13173603676376483,-0.6285852893307142,very happy,0.30419644336285906
333,西成居委会,4,1,1,淮海中路街道,黄浦区,121.47001245541,31.2192640230163,1.0,POINT (121.47001245541 31.2192640230163),0.6640891492870752,0.7942727179263982,1.4251443977170923,-0.23756392390198353,very happy,1.009320456795331
337,西街居委会,2,1,1,大场镇,宝山区,121.411306443437,31.303954335724,0.8333333333333333,POINT (121.411306443437 31.303954335724),-0.7622249971338807,-0.9951620982308435,-0.6706561871609847,-0.6285852893307142,happy,-0.3849294564881793
338,西街居委会,2,1,1,高桥镇,浦东新区,121.574903545861,31.3442102055366,0.8333333333333333,POINT (121.574903545861 31.3442102055366),-1.2503567802536737,-0.6596430702013605,-0.31137608689617147,0.9355001723842087,happy,-0.5031671603435459
340,谈家宅居委会,2,1,1,共和新路街道,静安区,121.446236546079,31.2674430756374,0.8333333333333333,POINT (121.446236546079 31.2674430756374),0.44598771427610384,-0.10044469015222258,0.5868241637658617,0.15345744152674717,happy,0.14544676452712696
341,谈家桥八十弄居委会,2,1,1,共和新路街道,静安区,121.448308589469,31.2620583381218,0.8333333333333333,POINT (121.448308589469 31.2620583381218),0.5031095186837392,0.12323466186743257,0.46706413034425726,0.15345744152674717,happy,0.263955396723359
346,通河七村一居委会,3,1,0,张庙街道,宝山区,121.448384208064,31.331089917066,0.5833333333333333,POINT (121.448384208064 31.331089917066),0.6225460188087949,0.23507433787726018,-0.011976003342160441,0.15345744152674717,very unhappy,-0.5179381204315637
347,通河七村二居委会,3,1,1,张庙街道,宝山区,121.44855354411,31.3293498925835,0.9166666666666665,POINT (121.44855354411 31.3293498925835),0.6762058956765736,0.45875368989691534,-0.07185602005296265,0.5444788069554779,very happy,-0.512294592338368
348,通河三村一居委会,2,1,0,张庙街道,宝山区,121.439192054869,31.3354491000959,0.5,POINT (121.439192054869 31.3354491000959),0.22442435172527572,-0.8833224222210158,-0.31137608689617147,-1.0196066547594451,very unhappy,-0.555443201025786
349,通海居委会,2,1,1,嘉兴路街道,虹口区,121.490457421572,31.2615670070118,0.8333333333333333,POINT (121.490457421572 31.2615670070118),1.0725965989901642,1.5771504499951916,-0.13173603676376483,-0.6285852893307142,happy,0.41591516537458684
351,邮电新村居委会,3,1,1,宝山路街道,静安区,121.465277899855,31.2575864502545,0.9166666666666665,POINT (121.465277899855 31.2575864502545),0.8510332364393364,-0.21228436616205018,0.16766404679024619,-0.23756392390198353,very happy,0.39272756299199146
352,邮电新村居委会,3,1,1,欧阳路街道,虹口区,121.490945944999,31.27348883734,0.9166666666666665,POINT (121.490945944999 31.27348883734),1.3720533311877683,1.129791745955881,-0.31137608689617147,0.9355001723842087,very happy,0.38345697347413227
354,金丰城第一居委会,3,1,1,华漕镇,闵行区,121.279012618137,31.2103700256562,0.9166666666666665,POINT (121.279012618137 31.2103700256562),-1.2780522005725274,-0.9951620982308435,-0.790416220582589,-0.6285852893307142,very happy,-1.6984645264883798
355,金台路第二居委会,2,1,1,金杨新村街道,浦东新区,121.581776072308,31.2500332782132,0.8333333333333333,POINT (121.581776072308 31.2500332782132),-0.9180117364274316,-0.8833224222210158,-0.5508961537393803,-0.6285852893307142,happy,0.519382864189744
356,金园社区居委会,3,1,1,江桥镇,嘉定区,121.313110526829,31.2443865457025,0.9166666666666665,POINT (121.313110526829 31.2443865457025),-0.32775309088186616,-0.9951620982308435,-0.5508961537393803,-1.0196066547594451,very happy,0.32355882138797276
357,金坛居委会,3,1,1,小东门街道,黄浦区,121.492895870348,31.2195480585961,0.9166666666666665,POINT (121.492895870348 31.2195480585961),0.45983542443553055,0.7942727179263982,0.5269441470550594,-0.6285852893307142,very happy,0.24750367156122324
359,金沙新村居委会,4,1,1,长风新村街道,普陀区,121.410684980427,31.2323001799094,1.0,POINT (121.410684980427 31.2323001799094),0.3265512141510481,-0.10044469015222258,0.3473040969226528,1.71754290324167,very happy,0.5987851264882108
361,金沙雅苑居委会,2,1,1,长征镇,普陀区,121.36503162431,31.2422383800972,0.8333333333333333,POINT (121.36503162431 31.2422383800972),0.21230760533577736,0.011394985857605004,-0.5508961537393803,-1.0196066547594451,happy,0.5528677389432439
362,金莱社区居委会,3,1,1,江桥镇,嘉定区,121.311177224549,31.2416009487248,0.9166666666666665,POINT (121.311177224549 31.2416009487248),-0.357179474970648,-0.9951620982308435,-0.6706561871609847,-1.0196066547594451,very happy,0.2702307003701295
363,金葫芦第二社区居委会,3,1,1,赵巷镇,青浦区,121.21334108892,31.163584848462,0.9166666666666665,POINT (121.21334108892 31.163584848462),-1.326519186130521,-1.107001774240671,-0.8502962372933912,-1.0196066547594451,very happy,-1.733044301271131
365,金虹社区居委会,2,1,1,江桥镇,嘉定区,121.313152548551,31.2486156912611,0.8333333333333333,POINT (121.313152548551 31.2486156912611),-0.7051031927262452,-0.8833224222210158,-0.5508961537393803,-1.0196066547594451,happy,0.5777574266532132
367,铁岭路五十弄居委会,2,1,1,四平路街道,杨浦区,121.510878571888,31.2811530756539,0.8333333333333333,POINT (121.510878571888 31.2811530756539),1.6957435561643686,0.3469140138870878,0.10778403007944398,0.5444788069554779,happy,0.13959602791117778
368,银杏社区居委会,3,0,0,嘉定镇街道,嘉定区,121.235307221451,31.3771056109352,0.25,POINT (121.235307221451 31.3771056109352),-1.3144024397410226,-0.9951620982308435,-0.5508961537393803,-0.6285852893307142,very unhappy,-2.893088803596711
369,锦秋第一居委会,3,1,1,大场镇,宝山区,121.386613816474,31.3251627993237,0.9166666666666665,POINT (121.386613816474 31.3251627993237),-0.9457071567462852,-0.6596430702013605,-0.790416220582589,0.5444788069554779,very happy,-0.6096340874154075
370,长宁路一居委会,2,0,1,华阳路街道,长宁区,121.421839403066,31.2290944556446,0.5,POINT (121.421839403066 31.2290944556446),-0.016179612294764174,0.011394985857605004,-0.07185602005296265,3.281628364956593,very unhappy,0.7079149857073291
371,长宁路一居委会,2,0,1,华阳路街道,长宁区,121.421839403066,31.2290944556446,0.5,POINT (121.421839403066 31.2290944556446),-0.016179612294764174,0.011394985857605004,-0.07185602005296265,3.281628364956593,very unhappy,0.7079149857073291
372,长宏新苑居委会,3,1,1,淞南镇,宝山区,121.488321905831,31.3435066182358,0.9166666666666665,POINT (121.488321905831 31.3435066182358),-0.28447899663365755,-0.547803394191533,-0.6107761704501824,-1.0196066547594451,very happy,-0.43686341397116607
373,长江居委会,3,1,0,南京东路街道,黄浦区,121.464020669218,31.2364652640607,0.5833333333333333,POINT (121.464020669218 31.2364652640607),0.29712483006226625,2.248188506054157,3.2814249157519613,0.15345744152674717,very unhappy,0.5400183717709518
374,长风一村居委会,2,1,0,长风新村街道,普陀区,121.398820231868,31.2287184544931,0.5,POINT (121.398820231868 31.2287184544931),-0.3312150184217229,-0.3241240421718778,-0.5508961537393803,-0.23756392390198353,very unhappy,0.8297137623227702
375,陈家宅居委会,2,1,1,徐家汇街道,徐汇区,121.428500064526,31.1852848823914,0.8333333333333333,POINT (121.428500064526 31.1852848823914),0.21576953287563397,2.471867858073812,1.4850244144278946,1.71754290324167,happy,1.309633526797729
376,陈家宅居委会,2,1,1,潍坊新村街道,浦东新区,121.512170204291,31.2240346099093,0.8333333333333333,POINT (121.512170204291 31.2240346099093),-0.9422452292064285,0.23507433787726018,0.047904013368641765,-1.0196066547594451,happy,0.04541846913934404
377,陈家宅居委会,2,1,1,沪东新村街道,浦东新区,121.570743689469,31.2674250577202,0.8333333333333333,POINT (121.570743689469 31.2674250577202),-1.2330471425543905,-0.547803394191533,-0.6107761704501824,-0.23756392390198353,happy,-0.22849267361485
378,露香居委会,3,1,1,豫园街道,黄浦区,121.480364949882,31.2276992411271,0.9166666666666665,POINT (121.480364949882 31.2276992411271),1.1106778019285881,2.360028182063985,3.5209449825951697,0.15345744152674717,very happy,0.8199266986770926
380,鞍山四村第一居委会,2,1,1,四平路街道,杨浦区,121.505674494682,31.2784463546155,0.8333333333333333,POINT (121.505674494682 31.2784463546155),1.4516776646044718,0.12323466186743257,0.16766404679024619,1.71754290324167,happy,0.35082550552331365
381,鞍山路三一零弄居委会,2,1,1,四平路街道,杨浦区,121.504818148538,31.2821907539002,0.8333333333333333,POINT (121.504818148538 31.2821907539002),1.493220795082752,-0.4359637181817054,-0.13173603676376483,2.4995856340991316,happy,0.3298895458136915
382,香山新村一居委会,3,1,1,金杨新村街道,浦东新区,121.567570405549,31.2423953037003,0.9166666666666665,POINT (121.567570405549 31.2423953037003),-1.0184076350832758,-0.6596430702013605,-0.8502962372933912,0.15345744152674717,very happy,0.519382864189744
383,香花桥街居委会,3,1,1,塘桥街道,浦东新区,121.508542072958,31.2158313980006,0.9166666666666665,POINT (121.508542072958 31.2158313980006),-0.8833924610288647,-0.547803394191533,-0.6107761704501824,0.15345744152674717,very happy,-0.622195534852753
385,馨苑居委会,3,1,1,凉城新村街道,虹口区,121.459130978811,31.2919417116407,0.9166666666666665,POINT (121.459130978811 31.2919417116407),-0.2187023733763805,-0.8833224222210158,-0.6706561871609847,-1.0196066547594451,very happy,-0.02530544784339683
389,鸿兴居委会,3,1,1,提篮桥街道,虹口区,121.497307079158,31.2586967640444,0.9166666666666665,POINT (121.497307079158 31.2586967640444),0.7575611928632059,0.3469140138870878,-0.07185602005296265,0.15345744152674717,very happy,0.30022069455009404
390,黄渡路居委会,2,1,1,四川北路街道,虹口区,121.476928661028,31.2691603211919,0.8333333333333333,POINT (121.476928661028 31.2691603211919),1.124525512088015,2.6955472100934674,0.5868241637658617,1.3265215378129394,happy,0.2880235838072059
392,齐河第四居委会,2,1,0,周家渡街道,浦东新区,121.511665166614,31.1836392948176,0.5,POINT (121.511665166614 31.1836392948176),-0.914549808887575,-0.547803394191533,-0.7305362038717867,-1.0196066547594451,very unhappy,-1.9090576586281656
393,龙阳居委会,3,1,0,徐泾镇,青浦区,121.272024461359,31.1710851691452,0.5833333333333333,POINT (121.272024461359 31.1710851691452),-1.2538187077935306,-0.9951620982308435,-0.6107761704501824,-0.23756392390198353,very unhappy,-1.733044301271131
394,龙阳路居委会,3,1,0,塘桥街道,浦东新区,121.524910617331,31.2071493942291,0.5833333333333333,POINT (121.524910617331 31.2071493942291),-1.0374482365524873,-0.547803394191533,-0.6107761704501824,0.15345744152674717,very unhappy,-1.3270378990713265
